<!--This work is licensed under a Creative Commons Attribution-NonCommercial-ShareAlike 3.0 Unported License (http://creativecommons.org/licenses/by-nc-sa/3.0/) The data presented in this file MAY NOT include all records shown on the datasheet. This occurs when we are unable to match a territory name to geographical coordinates in an authoritative manner.-->

Region,Latitude,Longitude,Extent,Last Reported,Origin,First Reported,Invasiveness,References,Notes

Algeria, 28, 3, Present, -, Native, -, -,"USDA-ARS, 2015", -, 
Australia, -25, 135, Present, -, Introduced, 1936, Invasive,"Weeds of Australia, 2015", -, 
Australian Northern Territory, -20, 134, Present, -, Introduced, -, Invasive,"Weeds of Australia, 2015", Southern NT, 
New South Wales, -33, 146, Present, -, Introduced, -, Invasive,"Weeds of Australia, 2015; Weeds of Australia, 2015", -, 
Queensland, -20, 145, Present, -, Introduced, -, Invasive,"Weeds of Australia, 2015", Southern and central QLD, 
South Australia, -30, 135, Present, -, Introduced, -, Invasive,"Weeds of Australia, 2015", -, 
Tasmania, -42, 147, Present, -, Introduced, -, Invasive,"Weeds of Australia, 2015", -, 
Victoria, -37, 145, Present, -, Introduced, -, Invasive,"Weeds of Australia, 2015", -, 
Western Australia, -25, 122, Present, -, Introduced, -, Invasive,"Weeds of Australia, 2015", Coastal and sandy sites of Southern and central WA, 
Azerbaijan, 40.5, 47.5, Present, -, Native, -, -,"USDA-ARS, 2015", -, 
Belgium, 50.8333, 4, Present, -, Introduced, -, Not invasive,"DAISIE, 2015", -, 
Bhutan, 27.5, 90.5, Present, -, Native, -, -,"USDA-ARS, 2015", -, 
Chile, -30, -71, Present, -, Introduced, 2014, -,"Teillier et al., 2014", Los Molles  Valparaiso Region (Pacific coast), 
Cyprus, 35, 33, Present, -, Native, -, -,"USDA-ARS, 2015", -, 
Denmark, 56, 10, Present, -, Introduced, -, -,"DAISIE, 2015", -, 
Egypt, 27, 30, Present, -, Native, -, -,"USDA-ARS, 2015", -, 
France, 46, 2, Present, -, Introduced, -, -,"DAISIE, 2015", -, 
Greece, 39, 22, Present, -, Native, -, -,"USDA-ARS, 2015", -, 
Delhi, 28.75, 77.25, Present, -, Introduced, -, -,"Biodiversity India, 2015", Cultivated, 
India, 20, 77, Present only in captivity/cultivation, -, Introduced, -, Not invasive,"Hammer et al., 2013; Biodiversity India, 2015", Cultivated on a small scale in NW India, 
Rajasthan, 26, 74, Present, -, Introduced, -, -,"Biodiversity India, 2015", Cultivated, 
Uttar Pradesh, 27.25, 80.75, Present, -, Introduced, -, -,"Biodiversity India, 2015", Cultivated, 
Iran, 32, 53, Present, -, Native, -, -,"USDA-ARS, 2015", -, 
Iraq, 33, 44, Present, -, Native, -, -,"USDA-ARS, 2015", -, 
Ireland, 53, -8, Present, -, Introduced, -, Not invasive,"DAISIE, 2015", -, 
Israel, 31.5, 34.75, Present, -, Native, -, -,"USDA-ARS, 2015", -, 
Italy, 42.8333, 12.8333, Present, -, Native, -, -,"USDA-ARS, 2015", -, 
Jordan, 31, 36, Present, -, Native, -, -,"USDA-ARS, 2015", -, 
Kuwait, 29.5, 47.75, Present, -, Native, -, -,"USDA-ARS, 2015", -, 
Lebanon, 33.8333, 35.8333, Present, -, Native, -, -,"USDA-ARS, 2015", -, 
Libya, 25, 17, Present, -, Native, -, -,"USDA-ARS, 2015", -, 
Mexico, 23, -102, Present, -, Introduced, -, -,"USDA-ARS, 2015", Found in Northern Mexico  Baja Norte, 
Morocco, 32, -5, Present, -, Native, -, -,"USDA-ARS, 2015", -, 
New Zealand, -42, 174, Present, -, Introduced, -, -,"USDA-ARS, 2015", -, 
Oman, 21, 57, Present, -, Native, -, -,"USDA-ARS, 2015", -, 
Pakistan, 30, 70, Present, -, Native, -, -,"USDA-ARS, 2015", -, 
Qatar, 25.5, 51.25, Present, -, Native, -, -,"USDA-ARS, 2015", -, 
Saudi Arabia, 25, 45, Present, -, Native, -, -,"USDA-ARS, 2015", -, 
South Africa, -30, 26, Present, -, Introduced, -, -,"USDA-ARS, 2015", Located  in the Eastern  Northern and Western Cape, 
Spain, 40, -4, Present, -, Native, -, -,"USDA-ARS, 2015", -, 
Sweden, 62, 15, Present, -, Introduced, -, Not invasive,"DAISIE, 2015", -, 
Syria, 35, 38, Present, -, Native, -, -,"USDA-ARS, 2015", -, 
Tunisia, 34, 9, Present, -, Native, -, -,"USDA-ARS, 2015", -, 
Turkey, 39, 35, Present, -, Native, -, -,"USDA-ARS, 2015", -, 
Turkmenistan, 40, 60, Present, -, Native, -, -,"USDA-ARS, 2015", -, 
UK, 52.5, -1, Present  few occurrences, -, Introduced, 1908, Not invasive,"British and Irish Flora (BIF), 2015", Formerly common but has now declined to very rare, 
United Arab Emirates, 24, 54, Present, -, Native, -, -,"USDA-ARS, 2015", -, 
Arizona, 34.5003, -111.501, Present, -, Introduced, -, Invasive,"USDA-ARS, 2015", -, 
California, 37.2502, -119.751, Present, -, Introduced, -, Invasive,"USDA-ARS, 2015", -, 
Nevada, 39.2502, -116.751, Present, -, Introduced, -, Invasive,"USDA-ARS, 2015", -, 
New Mexico, 34.5003, -106.001, Present, -, Introduced, -, Invasive,"USDA-ARS, 2015", -, 
Texas, 31.2504, -99.2506, Present, -, Introduced, -, -,"USDA-ARS, 2015", -, 
USA, 39.76, -98.5, Present, -, Introduced, 1927, Invasive,"Minnich & Sanders, 2000", First recorded in Coachella Valley  California in 1927, 
Utah, 39.2502, -111.751, Present, -, Introduced, -, -,"USDA-ARS, 2015", -, 
Uzbekistan, 41, 64, Present, -, Native, -, -,"USDA-ARS, 2015", -, 
Yemen, 15.5, 47.5, Present, -, Native, -, -,"USDA-ARS, 2015", -, 
