<!--This work is licensed under a Creative Commons Attribution-NonCommercial-ShareAlike 3.0 Unported License (http://creativecommons.org/licenses/by-nc-sa/3.0/) The data presented in this file MAY NOT include all records shown on the datasheet. This occurs when we are unable to match a territory name to geographical coordinates in an authoritative manner.-->

Region,Latitude,Longitude,Extent,Last Reported,Origin,First Reported,Invasiveness,References,Notes

Queensland, -20, 145, Present, -, -, -, -,"Smithsonian, 2013", Possibly native, 
Bangladesh, 24, 90, Present, -, -, -, -,"Hinkle, 2007", -, 
Brazil, -10, -55, Present, -, -, -, -,"Hinkle, 2007", -, 
Cambodia, 13, 105, Present, -, -, -, -,"Hinkle, 2007; Smithsonian, 2013", Possibly native, 
China, 35, 105, Present, -, -, -, -,"Randall, 2012", -, 
Cook Islands, -21.1412, -159.4639, Widespread, -, -, -, -,"Randall, 2012", -, 
East Timor, -8.83333, 125.75, Present, -, -, -, -,"Hinkle, 2007", Possibly native, 
Fiji, -18, 178, Widespread, -, -, -, -,"Randall, 2012", -, 
Andaman and Nicobar Islands, 10, 93, Present, -, -, -, -,"Hinkle, 2007", -, 
Indonesia, -5, 120, Widespread, -, -, -, -,"Hinkle, 2007; Smithsonian, 2013", Possbly native, 
Malaysia, 2.5, 112.5, Widespread, -, -, -, -,"Hinkle, 2007; Smithsonian, 2013", Possibly native, 
Myanmar, 22, 98, Present, -, -, -, -,"Hinkle, 2007", Possibly native, 
New Zealand, -42, 174, Localised, -, -, -, -,"Simpson, 2000", -, 
Papua New Guinea, -6, 147, Widespread, -, -, -, -,"Aufenanger, 1961", -, 
Philippines, 13, 122, Present, -, -, -, -,"Smithsonian, 2013", Possibly native, 
Samoa, -13.5833, -172.333, Widespread, -, -, -, -,"Randall, 2012", -, 
Singapore, 1.36667, 103.8, Present, -, -, -, -,"Hinkle, 2007; Smithsonian, 2013", Possbly native, 
Solomon Islands, -8, 159, Widespread, -, -, -, -,"Randall, 2012", -, 
Sri Lanka, 7, 81, Present, -, -, -, -,"Hinkle, 2007", -, 
Taiwan, 24, 121, Present, -, -, -, -,"Hinkle, 2007", -, 
Thailand, 15, 100, Present, -, -, -, -,"Hinkle, 2007; Smithsonian, 2013", Possibly native, 
Tonga, -20, -175, Widespread, -, -, -, -,"Randall, 2012", -, 
Florida, 28.7505, -82.5001, Present, -, -, -, -,-, -, 
Hawaii, 20.7503, -156.5, Widespread, -, Introduced, -, -,"Smithsonian, 2013", -, 
Vietnam, 16.1667, 107.833, Present, -, -, -, -,"Hinkle, 2007; Smithsonian, 2013", Possibly native, 
