<!--This work is licensed under a Creative Commons Attribution-NonCommercial-ShareAlike 3.0 Unported License (http://creativecommons.org/licenses/by-nc-sa/3.0/) The data presented in this file MAY NOT include all records shown on the datasheet. This occurs when we are unable to match a territory name to geographical coordinates in an authoritative manner.-->

Region,Latitude,Longitude,Extent,Last Reported,Origin,First Reported,Invasiveness,References,Notes

Argentina, -34, -64, Widespread, -, Native, -, -,"Holm et al., 1979; USDA-ARS, 2008; EPPO, 2014", -, 
Australia, -25, 135, Present, -, -, -, -,"EPPO, 2014", -, 
New South Wales, -33, 146, Localised, -, Introduced, -, Invasive,"Parsons & Cuthbertson, 1992; EPPO, 2014", First recorded in 1975, 
Queensland, -20, 145, Localised, -, Introduced, -, Invasive,"Parsons & Cuthbertson, 1992; EPPO, 2014", First recorded in 1995, 
South Australia, -30, 135, Present, -, -, -, -,"EPPO, 2014", -, 
Tasmania, -42, 147, Present, -, Introduced, -, Invasive,"Weeds CRC, 2008; EPPO, 2014", -, 
Victoria, -37, 145, Localised, -, Introduced, -, Invasive,"Gunasekera et al., 2002; EPPO, 2014", Found in a lake and home garden in 2000, 
Western Australia, -25, 122, Present, -, Introduced, -, Invasive,"DEH, 2003; Weeds CRC, 2008; EPPO, 2014", -, 
Bolivia, -17, -65, Widespread, -, Native, -, -,"Holm et al., 1979; USDA-ARS, 2008; EPPO, 2014", -, 
Bahia, -12, -42, Widespread, -, Native, -, -,"Holm et al., 1979", -, 
Brazil, -10, -55, Present, -, Native, -, -,"Holm et al., 1979; USDA-ARS, 2008; EPPO, 2014", -, 
Mato Grosso do Sul, -21, -55, Present, -, Native, -, -,"USDA-ARS, 2008", -, 
Rio Grande do Sul, -30, -54, Present, -, Native, -, -,"USDA-ARS, 2008", -, 
Hungary, 47, 20, Present, -, Introduced, -, Invasive,"Torok et al., 2003; EPPO, 2014", -, 
India, 20, 77, Present, -, Introduced, -, Invasive,"PIER, 2008; EPPO, 2014", A "problem species", 
Japan, 35.6854, 139.753, Present, -, -, -, -,"EPPO, 2014", -, 
Mexico, 23, -102, Present, -, Native, -, -,"PIER, 2008; EPPO, 2014", -, 
New Zealand, -42, 174, Localised, -, Introduced, -, Invasive,"PIER, 2008; EPPO, 2014", First noted as naturalized in 1990, 
Paraguay, -22.9933, -57.9964, Widespread, -, Native, -, -,"Holm et al., 1979; EPPO, 2014", -, 
Peru, -10, -76, Present, -, -, -, -,"Holm et al., 1979; USDA-ARS, 2008; EPPO, 2014", -, 
Senegal, 14, -14, Present, -, Introduced, -, -,"Parsons & Cuthbertson, 1992", -, 
Uruguay, -33, -56, Present, -, Native, -, -,"USDA-ARS, 2008; EPPO, 2014", -, 
