<!--This work is licensed under a Creative Commons Attribution-NonCommercial-ShareAlike 3.0 Unported License (http://creativecommons.org/licenses/by-nc-sa/3.0/) The data presented in this file MAY NOT include all records shown on the datasheet. This occurs when we are unable to match a territory name to geographical coordinates in an authoritative manner.-->

Region,Latitude,Longitude,Extent,Last Reported,Origin,First Reported,Invasiveness,References,Notes

Argentina, -34, -64, Restricted distribution, -, Native, -, -,"Holm et al., 1977; Waterhouse & Norris, 1987; EPPO, 2014", -, 
Australia, -25, 135, Restricted distribution, -, -, -, -,"EPPO, 2014", -, 
Queensland, -20, 145, Widespread, -, Introduced, -, Invasive,"Waterhouse & Norris, 1987; Parsons & Cuthbertson, 1992; Groves, 1991; Willson & Garcia, 1992; PIER, 2008", -, 
Bolivia, -17, -65, Present, -, Native, -, -,"Smith & Killeen, 1994", -, 
Alagoas, -9, -36, Present, -, Native, -, -,"Lorenzi, 1982", -, 
Amazonas, -5, -63, Present, -, Native, -, -,"Lorenzi, 1982", -, 
Bahia, -12, -42, Present, -, Native, -, -,"Lorenzi, 1982", -, 
Brazil, -10, -55, Present, -, Native, -, -,"Holm et al., 1977; Waterhouse & Norris, 1987; Willson & Garcia, 1992", -, 
Ceara, -5, -40, Present, -, Native, -, -,"Lorenzi, 1982", -, 
Espirito Santo, -20, -40.75, Present, -, Native, -, -,"Lorenzi, 1982", -, 
Goias, -15.5807, -49.6362, Present, -, Native, -, -,"Lorenzi, 1982", -, 
Maranhao, -5, -45, Present, -, Native, -, -,"Lorenzi, 1982", -, 
Mato Grosso do Sul, -21, -55, Present, -, Native, -, -,"Lorenzi, 1982", -, 
Minas Gerais, -18, -44, Present, -, Native, -, -,"Lorenzi, 1982", -, 
Para, -4, -53, Present, -, Native, -, -,"Lorenzi, 1982", -, 
Paraiba, -7.25, -36.5, Present, -, Native, -, -,"Lorenzi, 1982", -, 
Parana, -24, -51, Present, -, Native, -, -,"Lorenzi, 1982", -, 
Pernambuco, -8, -37, Present, -, Native, -, -,"Lorenzi, 1982", -, 
Piaui, -7, -43, Present, -, Native, -, -,"Lorenzi, 1982", -, 
Rio de Janeiro, -22, -42.5, Present, -, Native, -, -,"Lorenzi, 1982", -, 
Santa Catarina, -27, -50, Present, -, Native, -, -,"Lorenzi, 1982", -, 
Sao Paulo, -22, -49, Present, -, Native, -, -,"Lorenzi, 1982", -, 
Sergipe, -10.5, -37.5, Present, -, Native, -, -,"Lorenzi, 1982", -, 
Burundi, -3.5, 30, Present, -, Introduced, -, -,"Anon., 2001a", -, 
Cambodia, 13, 105, Restricted distribution, -, Introduced, -, Invasive,"Holm et al., 1977; Waterhouse & Norris, 1987; Waterhouse, 1993; PIER, 2008; EPPO, 2014; Wu et al., 2004", -, 
Cameroon, 6, 12, Present, -, Introduced, -, -,"Rivoire, 1982", -, 
China, 35, 105, Present, -, Introduced, -, -,"PIER, 2008", -, 
Fujian, 26.545, 117.843, Present, -, Introduced, -, -,"Missouri Botanical Garden, 2008", -, 
Guangdong, 23, 113, Present, -, Introduced, -, -,-, -, 
Guangxi, 24, 109, Present, -, Introduced, -, -,"Missouri Botanical Garden, 2008; Wei et al., 2013", -, 
Hainan, 19.2, 109.6, Present, -, Introduced, -, -,-, -, 
Yunnan, 25, 102, Present, -, Introduced, -, -,"Wu et al., 2003", -, 
Colombia, 4, -72, Present, -, Native, -, -,"Anon., 2001a; PIER, 2008", -, 
Cook Islands, -21.1412, -159.4639, Present, -, Introduced, -, Invasive,"Waterhouse & Norris, 1987; Swarbrick, 1989; PIER, 2008", -, 
Costa Rica, 10, -84, Present, -, Native, -, -,"Barneby, 1991", -, 
C�te d'Ivoire, 8, -5, Present, -, Introduced, -, -,"Lavabre, 1971", -, 
Cuba, 22, -79.5, Present, -, Native, -, -,"Barneby, 1991", -, 
Dominican Republic, 19, -70.6667, Present, -, Native, -, -,"Missouri Botanical Garden, 2008", -, 
East Timor, -8.83333, 125.75, Widespread, -, Introduced, -, Invasive,"Wilson, 1995b", -, 
Ecuador, -2, -77.5, Present, -, Native, -, -,"Anon., 2001a", -, 
El Salvador, 13.8333, -88.9167, Present, -, Native, -, -,"PIER, 2008", -, 
Ethiopia, 8, 38, Present, -, Introduced, -, -,"Anon., 2001a", -, 
Fiji, -18, 178, Restricted distribution, -, Introduced, -, Invasive,"Holm et al., 1977; Swarbrick, 1989; PIER, 2008; EPPO, 2014; Waterhouse & Norris, 1989", -, 
Ghana, 8, -2, Present, -, Introduced, -, -,"Anon., 2001a", -, 
Guatemala, 15.5, -90.25, Present, -, Native, -, -,"Barneby, 1991", -, 
Guinea, 11, -10, Widespread, -, Introduced, -, Invasive,"Lisowski, 1996", -, 
Haiti, 19, -72.4167, Present, -, Native, -, -,"Barneby, 1991", -, 
Honduras, 15, -86.5, Present, -, Native, -, -,"Barneby, 1991", -, 
Assam, 26, 93, Present, -, Introduced, -, -,"Tea, 1977", -, 
India, 20, 77, Restricted distribution, -, Introduced, -, -,"Holm et al., 1977; Thomas & Shantaram, 1984; Waterhouse & Norris, 1987; Parsons & Cuthbertson, 1992; EPPO, 2014", -, 
Karnataka, 13.5, 76, Present, -, Introduced, -, -,"Sannamarappa, 1987; Thomas & George, 1990", -, 
Kerala, 10, 76.5, Present, -, Introduced, -, -,"Sannamarappa, 1987; Alex et al., 1991", -, 
Uttar Pradesh, 27.25, 80.75, Present, -, Introduced, -, -,"Rai & Kanodia, 1980", -, 
Indonesia, -5, 120, Restricted distribution, -, Introduced, -, -,"Holm et al., 1977; Waterhouse & Norris, 1987; Moody, 1989; Soerjani et al., 1987; Siregar et al., 1990; Waterhouse, 1993; EPPO, 2014", -, 
Jamaica, 18.25, -77.5, Present, -, Native, -, -,"Barneby, 1991", -, 
Laos, 18, 105, Present, -, Introduced, -, -,"Moody, 1989; Waterhouse, 1993", -, 
Malaysia, 2.5, 112.5, Restricted distribution, -, Introduced, -, Invasive,"Holm et al., 1977; Waterhouse & Norris, 1987; Parsons & Cuthbertson, 1992; Waterhouse, 1993; PIER, 2008; EPPO, 2014", -, 
Mauritius, -20.3, 57.5833, Restricted distribution, -, Introduced, -, -,"Waterhouse & Norris, 1987; Parsons & Cuthbertson, 1992; EPPO, 2014", -, 
Mexico, 23, -102, Present, -, Native, -, -,"Barneby, 1991", -, 
Mozambique, -18.25, 35, Present, -, Introduced, -, -,"Anon., 2001a", -, 
Myanmar, 22, 98, Present, -, Introduced, -, -,"Waterhouse, 1993", -, 
Nicaragua, 13, -85, Present, -, Native, -, -,"Missouri Botanical Garden, 2008", -, 
Nigeria, 10, 8, Widespread, -, Introduced, -, Invasive,"Holm et al., 1977; Waterhouse & Norris, 1987; Alabi et al., 2001; EPPO, 2014", -, 
Panama, 9, -80, Present, -, Native, -, -,"PIER, 2008", -, 
Papua New Guinea, -6, 147, Restricted distribution, -, Introduced, -, Invasive,"Henty & Pritchard, 1988; Holm et al., 1977; Waterhouse & Norris, 1987; Parsons & Cuthbertson, 1992; Kuniata, 1994; PIER, 2008; EPPO, 2014; Kuniata & Nagajara, 1994", -, 
Paraguay, -22.9933, -57.9964, Present, -, Native, -, -,"Anon., 2001a", -, 
Peru, -10, -76, Present, -, Native, -, -,"Anon., 2001a", -, 
Philippines, 13, 122, Restricted distribution, -, Introduced, -, -,"Holm et al., 1977; Waterhouse & Norris, 1987; Moody, 1989; Parsons & Cuthbertson, 1992; Waterhouse, 1993; Payawal et al., 1991; EPPO, 2014", -, 
Rwanda, -2, 30, Present, -, Introduced, -, -,"Anon., 2001a", -, 
Samoa, -13.5833, -172.333, Widespread, -, Introduced, -, Invasive,"Waterhouse & Norris, 1987; Swarbrick, 1989; Willson & Garcia, 1992; PIER, 2008", Sabvai�i. Upolu, 
Singapore, 1.36667, 103.8, Present, -, Introduced, -, -,"Waterhouse, 1993; PIER, 2008", -, 
Solomon Islands, -8, 159, Present, -, Introduced, -, Invasive,"Smith & Whiteman, 1985; Waterhouse & Norris, 1987; Swarbrick, 1989; PIER, 2008", -, 
Sri Lanka, 7, 81, Restricted distribution, -, Introduced, -, -,"Holm et al., 1977; Waterhouse & Norris, 1987; Jayasinghe, 1991; Parsons & Cuthbertson, 1992; Yogaratnam et al., 1984; EPPO, 2014", -, 
Taiwan, 24, 121, Restricted distribution, -, Introduced, 1965, Invasive,"Holm et al., 1977; Waterhouse & Norris, 1987; Parsons & Cuthbertson, 1992; Wu et al., 2003; PIER, 2008; EPPO, 2014", -, 
Tanzania, -6, 35, Present, -, Introduced, -, -,"Anon., 2001a", -, 
Thailand, 15, 100, Widespread, -, Introduced, -, -,"Waterhouse & Norris, 1987; Moody, 1989; Napompeth, 1990; Waterhouse, 1993; Noda et al., 1994; Suwanarak, 1986", -, 
Togo, 8, 1.16667, Present, -, Introduced, -, -,"Anon., 2001a", -, 
Hawaii, 20.7503, -156.5, Present, -, Introduced, -, -,"Holm et al., 1977; Waterhouse & Norris, 1987; EPPO, 2014", -, 
USA, 39.76, -98.5, Restricted distribution, -, -, -, -,"EPPO, 2014", -, 
Vanuatu, -16, 167, Present, -, Introduced, -, Invasive,"Waterhouse & Norris, 1987; Swarbrick, 1989; PIER, 2008", -, 
Venezuela, 8, -66, Present, -, Native, -, -,"Anon., 2001a", -, 
Vietnam, 16.1667, 107.833, Restricted distribution, -, Introduced, -, -,"Holm et al., 1977; Waterhouse & Norris, 1987; Moody, 1989; Waterhouse, 1993; EPPO, 2014", -, 
Zimbabwe, -19, 29, Present, -, Introduced, -, -,"Anon., 2001a", -, 
