<!--This work is licensed under a Creative Commons Attribution-NonCommercial-ShareAlike 3.0 Unported License (http://creativecommons.org/licenses/by-nc-sa/3.0/) The data presented in this file MAY NOT include all records shown on the datasheet. This occurs when we are unable to match a territory name to geographical coordinates in an authoritative manner.-->

Region,Latitude,Longitude,Extent,Last Reported,Origin,First Reported,Invasiveness,References,Notes

Australia, -25, 135, Present, -, Introduced, -, Not invasive,"iNaturalist, 2015", Individual specimens have been observed in the wild, 
Mexico, 23, -102, Present  few occurrences, -, Introduced, -, Not invasive,"iNaturalist, 2015", Individual specimens have been observed in the wild, 
Mozambique, -18.25, 35, Present, -, Native, -, Not invasive,"USDA-ARS, 2015; Bramwell, 2015", -, 
New Zealand, -42, 174, Present, -, Introduced, -, Not invasive,"iNaturalist, 2015", Individual specimens have been observed in the wild, 
South Africa, -30, 26, Localised, -, Native, -, Not invasive,"USDA-ARS, 2015; Bramwell, 2015", Present in Cape Province  KwaZulu-Natal and Transvaal, 
Swaziland, -26.5, 31.5, Present, -, Native, -, Not invasive,"Fragoso et al., 1999", -, 
California, 37.2502, -119.751, Present  few occurrences, -, Introduced, -, Not invasive,"Calflora, 2015; Consortium of California Herbaria, 2015; Hoyt, 2015", Naturalized on wetlands  coast and in urban areas of southern California  as well as San Francisco to the north., 
Hawaii, 20.7503, -156.5, Present  few occurrences, -, Introduced, -, Not invasive,-, Naturalized locally on cliffs. Single specimen collected in Hanapepe (1993)., 
