<!--This work is licensed under a Creative Commons Attribution-NonCommercial-ShareAlike 3.0 Unported License (http://creativecommons.org/licenses/by-nc-sa/3.0/) The data presented in this file MAY NOT include all records shown on the datasheet. This occurs when we are unable to match a territory name to geographical coordinates in an authoritative manner.-->

Region,Latitude,Longitude,Extent,Last Reported,Origin,First Reported,Invasiveness,References,Notes

Angola, -12.5, 18.5, Present, -, Introduced, -, -,"GBIF, 2015", -, 
Argentina, -34, -64, Present, -, Native, -, -,"GBIF, 2015", -, 
New South Wales, -33, 146, Present, -, Introduced, -, Invasive,"GBIF, 2015", -, 
Queensland, -20, 145, Present, -, Introduced, -, Invasive,"GBIF, 2015", -, 
Victoria, -37, 145, Present, -, Introduced, -, -,"Queensland Government, 2012", -, 
Western Australia, -25, 122, Present, -, Introduced, -, -,"Queensland Government, 2012", -, 
Bolivia, -17, -65, Present, -, Native, -, -,"GBIF, 2015", -, 
Rio Grande do Sul, -30, -54, Present, -, Native, -, -,"GBIF, 2015", -, 
Burkina Faso, 13, -2, Present, -, Introduced, -, -,"GBIF, 2015", -, 
Cameroon, 6, 12, Present, -, Introduced, -, -,"GBIF, 2015", -, 
Cape Verde, 16, -24, Present, -, Introduced, -, -,"GBIF, 2015", -, 
Chile, -30, -71, Present, -, Native, -, -,"GBIF, 2015", -, 
Ethiopia, 8, 38, Present, -, Introduced, -, -,"GBIF, 2015", -, 
Gabon, -1, 11.75, Present, -, Introduced, -, -,"Sosef et al., 2006", -, 
Iraq, 33, 44, Present, -, Introduced, -, -,"GBIF, 2015", -, 
Mozambique, -18.25, 35, Present, -, Introduced, -, Invasive,"Balsinhas, 1983", -, 
New Zealand, -42, 174, Present, -, Introduced, -, -,"New Zealand Plant Conservation Network, 2015", -, 
Paraguay, -22.9933, -57.9964, Present, -, Native, -, -,"GBIF, 2015", -, 
Peru, -10, -76, Present, -, Native, -, -,"GBIF, 2015", -, 
Portugal, 39.5, -8, Present, -, Introduced, -, Invasive,"GBIF, 2015; Domingues & Freitas, 2012", -, 
Sao Tome and Principe, 1, 7, Present, -, Introduced, -, -,"Exell, 1973", -, 
Senegal, 14, -14, Present, -, Introduced, -, -,"GBIF, 2015", -, 
South Africa, -30, 26, Present, -, -, -, -,"GBIF, 2015", Uncertain as to whether introduced or native, 
Spain, 40, -4, Present, -, Introduced, -, Invasive,"GBIF, 2015", -, 
Taiwan, 24, 121, Present, -, Introduced, -, -,"GBIF, 2015", -, 
Uruguay, -33, -56, Present, -, Native, -, -,"Martius et al., 1840", Nueva Palmira, 
Hawaii, 20.7503, -156.5, Present, -, Introduced, -, -,"GBIF, 2015", -, 
